RMSE,MAE
29958.232487203724,19458.35421640574
