RMSE,MAE
12075.120408627025,7417.105020323711
